word,frequency
trip,8
war,3
experience,3
eine,3
tolle,3
ich,3
review,2
erfahrung,2
would,2
bad,2
das,2
fr,2
die,2
group,2
woman,2
everything,2
describe,2
incredible,2
hotel,2
mich,2
intrepid,2
never,2
opportunity,1
plan,1
entdeckt,1
echt,1
persnliche,1
really,1
enjoyable,1
way,1
think,1
great,1
friendly,1
guide,1
expect,1
jell,1
niemals,1
geschafft,1
well,1
nicht,1
hatte,1
wrde,1
l,1
da,1
recherche,1
viel,1
ohne,1
alleine,1
htte,1
inhalte,1
super,1
route,1
amazingly,1
awful,1
kennengelernt,1
aside,1
miss,1
use,1
resort,1
evo,1
conscious,1
environmentally,1
resolution,1
abrahan,1
leader,1
website,1
saw,1
regret,1
extra,1
strategically,1
recommend,1
spaced,1
seem,1
accommodation,1
available,1
ac,1
time,1
hot,1
weather,1
damage,1
baggage,1
life,1
travel,1
everthing,1
left,1
wahnsinnig,1
menschen,1
slept,1
hour,1
three,1
two,1
wait,1
email,1
respond,1
sleep,1
enemy,1
woud,1
send,1
without,1
basic,1
night,1
sore,1
hold,1
back,1
pick,1
job,1
amazing,1
andy,1
mistake,1
grammatical,1
spell,1
correct,1
may,1
necessary,1
grateful,1
lombok,1
get,1
phoning,1
see,1
local,1
hab,1
holiday,1
buchen,1
zu,1
gruppentour,1
solche,1
mal,1
erste,1
understand,1
pending,1
balinese,1
culture,1
memory,1
es,1
shock,1
like,1
island,1
tropical,1
volcanos,1
orangutan,1
jungle,1
take,1
track,1
beaten,1
felt,1
short,1
service,1
appal,1
temple,1
